Actual_Delay_Minutes,Predicted_Delay_Minutes,Error_Minutes,Absolute_Error_Minutes
29.84,19.93,9.91,9.91
17.55,13.48,4.07,4.07
10.04,13.38,-3.3400000000000016,3.34
13.62,17.61,-3.99,3.99
16.76,10.42,6.340000000000002,6.34
14.08,11.25,2.83,2.83
14.12,13.89,0.22999999999999865,0.23
33.0,24.58,8.420000000000002,8.42
8.72,5.92,2.8000000000000007,2.8
23.54,14.82,8.719999999999999,8.72
13.73,21.44,-7.710000000000001,7.71
12.9,9.63,3.2699999999999996,3.27
33.28,25.35,7.93,7.93
12.44,14.45,-2.01,2.01
21.16,22.61,-1.4499999999999993,1.45
30.0,28.79,1.2100000000000009,1.21
29.33,35.28,-5.950000000000003,5.95
20.62,18.33,2.2900000000000027,2.29
21.65,12.86,8.79,8.79
11.98,9.86,2.120000000000001,2.12
16.69,14.14,2.5500000000000007,2.55
7.98,13.96,-5.98,5.98
0.0,4.22,-4.22,4.22
23.67,17.39,6.280000000000001,6.28
26.28,20.29,5.990000000000002,5.99
16.63,15.04,1.5899999999999999,1.59
27.94,27.02,0.9200000000000017,0.92
28.52,24.51,4.009999999999998,4.01
25.86,19.76,6.099999999999998,6.1
24.5,21.65,2.8500000000000014,2.85
19.23,14.4,4.83,4.83
16.91,11.56,5.35,5.35
23.81,26.01,-2.200000000000003,2.2
11.43,5.02,6.41,6.41
20.05,18.34,1.7100000000000009,1.71
6.93,5.64,1.29,1.29
29.59,28.13,1.4600000000000009,1.46
13.61,15.7,-2.09,2.09
12.14,13.31,-1.17,1.17
13.3,12.23,1.0700000000000003,1.07
39.7,27.09,12.610000000000003,12.61
18.73,12.84,5.890000000000001,5.89
11.0,3.91,7.09,7.09
9.37,11.06,-1.6900000000000013,1.69
15.66,21.03,-5.370000000000001,5.37
24.93,23.03,1.8999999999999986,1.9
23.61,22.5,1.1099999999999994,1.11
26.15,22.88,3.2699999999999996,3.27
11.53,14.24,-2.710000000000001,2.71
25.51,19.54,5.970000000000002,5.97
17.07,18.09,-1.0199999999999996,1.02
12.93,13.72,-0.7900000000000009,0.79
24.41,19.17,5.239999999999998,5.24
17.51,19.63,-2.1199999999999974,2.12
11.91,13.32,-1.4100000000000001,1.41
27.73,21.7,6.030000000000001,6.03
14.16,22.5,-8.34,8.34
17.45,20.72,-3.2699999999999996,3.27
12.93,16.83,-3.8999999999999986,3.9
11.35,17.11,-5.76,5.76
17.83,13.17,4.659999999999998,4.66
21.39,19.61,1.7800000000000011,1.78
15.96,13.07,2.8900000000000006,2.89
18.96,19.91,-0.9499999999999993,0.95
23.79,21.86,1.9299999999999997,1.93
24.49,21.54,2.9499999999999993,2.95
24.1,19.89,4.210000000000001,4.21
13.23,12.49,0.7400000000000002,0.74
29.84,33.27,-3.4300000000000033,3.43
18.52,16.77,1.75,1.75
16.17,20.97,-4.799999999999997,4.8
25.91,25.0,0.9100000000000001,0.91
9.81,10.1,-0.28999999999999915,0.29
37.4,34.83,2.5700000000000003,2.57
13.63,13.49,0.14000000000000057,0.14
14.55,18.39,-3.84,3.84
16.43,13.28,3.1500000000000004,3.15
33.23,31.88,1.3499999999999979,1.35
13.35,13.92,-0.5700000000000003,0.57
13.61,20.05,-6.440000000000001,6.44
7.49,10.32,-2.83,2.83
22.93,20.34,2.59,2.59
15.44,13.85,1.5899999999999999,1.59
8.87,16.03,-7.160000000000002,7.16
24.53,30.6,-6.07,6.07
31.17,33.44,-2.269999999999996,2.27
27.49,19.89,7.599999999999998,7.6
25.4,19.98,5.419999999999998,5.42
17.96,16.28,1.6799999999999997,1.68
16.46,12.76,3.700000000000001,3.7
21.79,14.82,6.969999999999999,6.97
21.83,20.46,1.3699999999999974,1.37
9.77,10.33,-0.5600000000000005,0.56
39.99,38.64,1.3500000000000014,1.35
30.27,24.19,6.079999999999998,6.08
16.84,11.66,5.18,5.18
19.64,21.91,-2.2699999999999996,2.27
7.41,9.12,-1.709999999999999,1.71
10.34,21.06,-10.719999999999999,10.72
26.45,24.98,1.4699999999999989,1.47
22.4,21.78,0.6199999999999974,0.62
20.47,24.01,-3.5400000000000027,3.54
17.46,21.8,-4.34,4.34
22.67,25.34,-2.669999999999998,2.67
28.2,25.59,2.6099999999999994,2.61
11.53,15.69,-4.16,4.16
16.51,21.88,-5.369999999999997,5.37
8.83,10.66,-1.83,1.83
23.55,20.99,2.5600000000000023,2.56
7.15,7.98,-0.8300000000000001,0.83
17.27,25.25,-7.98,7.98
27.53,25.3,2.2300000000000004,2.23
19.94,21.25,-1.3099999999999987,1.31
23.91,13.02,10.89,10.89
38.83,36.03,2.799999999999997,2.8
19.13,16.08,3.0500000000000007,3.05
2.92,8.28,-5.359999999999999,5.36
18.95,22.25,-3.3000000000000007,3.3
20.67,16.81,3.860000000000003,3.86
21.35,11.85,9.500000000000002,9.5
17.4,12.24,5.159999999999998,5.16
13.18,13.33,-0.15000000000000036,0.15
25.26,26.98,-1.7199999999999989,1.72
11.08,8.44,2.6400000000000006,2.64
20.53,19.66,0.870000000000001,0.87
6.12,11.31,-5.19,5.19
29.54,30.23,-0.6900000000000013,0.69
23.66,20.78,2.879999999999999,2.88
14.36,17.3,-2.9400000000000013,2.94
5.83,8.61,-2.7799999999999994,2.78
6.04,10.94,-4.8999999999999995,4.9
6.17,6.56,-0.3899999999999997,0.39
17.13,19.97,-2.84,2.84
34.05,33.86,0.18999999999999773,0.19
20.24,17.76,2.479999999999997,2.48
3.42,12.42,-9.0,9.0
22.54,11.84,10.7,10.7
17.93,15.56,2.369999999999999,2.37
3.77,4.08,-0.31000000000000005,0.31
26.19,28.31,-2.1199999999999974,2.12
13.16,20.74,-7.579999999999998,7.58
4.08,6.85,-2.7699999999999996,2.77
11.3,17.3,-6.0,6.0
27.9,27.43,0.46999999999999886,0.47
16.28,8.93,7.350000000000001,7.35
15.21,10.81,4.4,4.4
14.24,18.88,-4.639999999999999,4.64
13.13,15.01,-1.879999999999999,1.88
26.4,20.13,6.27,6.27
16.15,22.77,-6.620000000000001,6.62
18.34,24.13,-5.789999999999999,5.79
9.46,10.11,-0.6499999999999986,0.65
5.26,9.37,-4.109999999999999,4.11
23.45,19.38,4.07,4.07
30.9,19.15,11.75,11.75
13.07,10.65,2.42,2.42
34.59,24.12,10.470000000000002,10.47
36.35,37.36,-1.009999999999998,1.01
20.44,13.3,7.140000000000001,7.14
29.53,23.38,6.150000000000002,6.15
8.98,10.45,-1.4699999999999989,1.47
15.22,18.47,-3.2499999999999982,3.25
35.52,21.97,13.550000000000004,13.55
19.36,20.85,-1.490000000000002,1.49
25.16,23.55,1.6099999999999994,1.61
7.72,7.82,-0.10000000000000053,0.1
26.83,26.46,0.36999999999999744,0.37
23.11,14.26,8.85,8.85
15.49,16.93,-1.4399999999999995,1.44
9.87,11.46,-1.5900000000000016,1.59
13.88,13.71,0.16999999999999993,0.17
10.8,11.68,-0.879999999999999,0.88
15.66,16.82,-1.1600000000000001,1.16
16.42,10.89,5.530000000000001,5.53
27.53,25.89,1.6400000000000006,1.64
11.37,13.61,-2.24,2.24
22.88,17.36,5.52,5.52
14.59,18.12,-3.530000000000001,3.53
21.52,18.76,2.759999999999998,2.76
15.84,11.05,4.789999999999999,4.79
2.44,8.51,-6.07,6.07
18.97,11.39,7.579999999999998,7.58
31.94,28.85,3.09,3.09
23.85,20.85,3.0,3.0
12.6,18.1,-5.500000000000002,5.5
17.0,15.55,1.4499999999999993,1.45
15.92,23.17,-7.250000000000002,7.25
19.75,22.04,-2.289999999999999,2.29
9.99,17.95,-7.959999999999999,7.96
16.61,19.67,-3.0600000000000023,3.06
19.25,18.22,1.0300000000000011,1.03
31.37,25.41,5.960000000000001,5.96
19.32,16.17,3.1499999999999986,3.15
23.31,22.57,0.7399999999999984,0.74
23.42,18.5,4.920000000000002,4.92
25.7,25.08,0.620000000000001,0.62
6.6,9.78,-3.1799999999999997,3.18
24.38,18.85,5.529999999999998,5.53
28.1,13.98,14.120000000000001,14.12
8.36,12.54,-4.18,4.18
35.96,40.46,-4.5,4.5
20.43,23.8,-3.370000000000001,3.37
18.23,15.35,2.880000000000001,2.88
19.01,16.91,2.1000000000000014,2.1
18.88,22.35,-3.4700000000000024,3.47
15.9,18.68,-2.7799999999999994,2.78
17.68,18.65,-0.9699999999999989,0.97
6.99,18.45,-11.459999999999999,11.46
23.16,25.34,-2.1799999999999997,2.18
13.33,12.52,0.8100000000000005,0.81
18.84,19.18,-0.33999999999999986,0.34
26.76,22.75,4.010000000000002,4.01
16.18,18.08,-1.8999999999999986,1.9
16.13,14.54,1.5899999999999999,1.59
10.59,11.92,-1.33,1.33
22.42,25.58,-3.1599999999999966,3.16
27.31,29.09,-1.7800000000000011,1.78
30.83,28.08,2.75,2.75
16.84,19.55,-2.710000000000001,2.71
18.06,15.69,2.369999999999999,2.37
13.31,17.6,-4.290000000000001,4.29
11.61,10.28,1.33,1.33
21.67,15.74,5.9300000000000015,5.93
0.78,5.06,-4.279999999999999,4.28
13.96,12.99,0.9700000000000006,0.97
5.92,11.16,-5.24,5.24
26.08,20.78,5.299999999999997,5.3
25.75,22.1,3.6499999999999986,3.65
0.0,7.51,-7.51,7.51
22.79,22.99,-0.1999999999999993,0.2
21.61,11.35,10.26,10.26
14.74,20.09,-5.35,5.35
16.88,22.17,-5.290000000000003,5.29
22.63,15.49,7.139999999999999,7.14
11.97,16.33,-4.359999999999998,4.36
16.77,13.65,3.119999999999999,3.12
31.46,28.47,2.990000000000002,2.99
20.88,26.87,-5.990000000000002,5.99
11.17,13.37,-2.1999999999999993,2.2
15.02,13.98,1.0399999999999991,1.04
4.79,8.48,-3.6900000000000004,3.69
31.31,33.16,-1.8499999999999979,1.85
16.86,21.9,-5.039999999999999,5.04
16.85,9.93,6.920000000000002,6.92
4.61,7.92,-3.3099999999999996,3.31
15.84,14.58,1.2599999999999998,1.26
11.9,16.07,-4.17,4.17
18.51,22.79,-4.279999999999998,4.28
25.56,21.88,3.6799999999999997,3.68
14.43,11.95,2.4800000000000004,2.48
18.72,6.4,12.319999999999999,12.32
12.23,13.19,-0.9599999999999991,0.96
13.16,15.08,-1.92,1.92
1.24,7.1,-5.859999999999999,5.86
10.37,19.01,-8.640000000000002,8.64
2.64,9.78,-7.139999999999999,7.14
8.81,15.28,-6.469999999999999,6.47
25.01,26.02,-1.009999999999998,1.01
19.59,16.58,3.0100000000000016,3.01
4.5,12.32,-7.82,7.82
18.01,18.81,-0.7999999999999972,0.8
18.97,18.87,0.09999999999999787,0.1
2.05,10.48,-8.43,8.43
13.85,13.63,0.21999999999999886,0.22
12.51,11.61,0.9000000000000004,0.9
8.09,4.65,3.4399999999999995,3.44
16.53,19.54,-3.009999999999998,3.01
18.44,17.61,0.8300000000000018,0.83
7.97,8.49,-0.5200000000000005,0.52
19.22,13.33,5.889999999999999,5.89
25.3,21.5,3.8000000000000007,3.8
25.85,27.29,-1.4399999999999977,1.44
18.78,14.0,4.780000000000001,4.78
21.13,33.22,-12.09,12.09
21.69,25.9,-4.209999999999997,4.21
6.22,7.95,-1.7300000000000004,1.73
13.0,4.9,8.1,8.1
11.02,12.6,-1.58,1.58
14.56,11.65,2.91,2.91
16.14,12.42,3.7200000000000006,3.72
14.72,6.69,8.030000000000001,8.03
13.18,16.01,-2.830000000000002,2.83
29.41,25.07,4.34,4.34
23.0,22.93,0.07000000000000028,0.07
21.7,22.51,-0.8100000000000023,0.81
30.59,23.97,6.620000000000001,6.62
28.0,26.98,1.0199999999999996,1.02
22.75,16.77,5.98,5.98
9.11,10.04,-0.9299999999999997,0.93
29.53,17.73,11.8,11.8
33.68,35.36,-1.6799999999999997,1.68
11.69,16.25,-4.5600000000000005,4.56
14.86,19.25,-4.390000000000001,4.39
12.52,11.59,0.9299999999999997,0.93
22.89,19.7,3.1900000000000013,3.19
25.1,20.7,4.400000000000002,4.4
27.84,32.92,-5.080000000000002,5.08
6.69,10.23,-3.54,3.54
21.42,17.97,3.450000000000003,3.45
2.5,10.51,-8.01,8.01
18.43,13.27,5.16,5.16
26.42,22.2,4.220000000000002,4.22
22.41,22.02,0.39000000000000057,0.39
9.57,17.54,-7.969999999999999,7.97
41.15,36.97,4.18,4.18
11.07,10.65,0.41999999999999993,0.42
13.66,11.19,2.4700000000000006,2.47
13.63,17.71,-4.08,4.08
10.46,9.84,0.620000000000001,0.62
3.08,13.67,-10.59,10.59
17.24,10.3,6.939999999999998,6.94
25.38,18.62,6.759999999999998,6.76
24.6,27.6,-3.0,3.0
26.86,15.86,11.0,11.0
14.83,15.0,-0.16999999999999993,0.17
14.1,14.27,-0.16999999999999993,0.17
7.12,16.04,-8.919999999999998,8.92
22.74,20.78,1.9599999999999973,1.96
33.05,33.29,-0.240000000000002,0.24
20.75,26.57,-5.82,5.82
24.12,20.31,3.8100000000000023,3.81
36.04,33.54,2.5,2.5
15.61,18.36,-2.75,2.75
19.64,23.68,-4.039999999999999,4.04
30.5,26.25,4.25,4.25
8.68,12.99,-4.3100000000000005,4.31
8.71,9.7,-0.9899999999999984,0.99
40.0,39.96,0.03999999999999915,0.04
25.56,21.29,4.27,4.27
25.17,20.08,5.090000000000003,5.09
22.81,30.01,-7.200000000000003,7.2
0.88,7.11,-6.23,6.23
23.98,20.98,3.0,3.0
16.88,23.17,-6.290000000000003,6.29
22.45,16.07,6.379999999999999,6.38
14.91,11.51,3.4000000000000004,3.4
30.46,27.02,3.4400000000000013,3.44
6.98,11.61,-4.629999999999999,4.63
25.12,23.0,2.120000000000001,2.12
21.94,24.54,-2.599999999999998,2.6
19.24,17.7,1.5399999999999991,1.54
9.58,5.97,3.6100000000000003,3.61
8.57,15.46,-6.890000000000001,6.89
5.72,9.23,-3.5100000000000007,3.51
20.41,26.65,-6.239999999999998,6.24
16.09,14.96,1.129999999999999,1.13
11.47,18.05,-6.58,6.58
14.93,16.71,-1.7800000000000011,1.78
13.83,15.2,-1.3699999999999992,1.37
15.2,10.79,4.41,4.41
10.1,15.16,-5.0600000000000005,5.06
21.57,16.78,4.789999999999999,4.79
16.31,18.17,-1.860000000000003,1.86
22.19,22.9,-0.7099999999999973,0.71
15.35,18.4,-3.049999999999999,3.05
15.96,19.92,-3.960000000000001,3.96
12.26,13.25,-0.9900000000000002,0.99
21.81,24.29,-2.4800000000000004,2.48
10.69,17.59,-6.9,6.9
16.67,18.91,-2.2399999999999984,2.24
8.16,11.68,-3.5199999999999996,3.52
6.59,10.38,-3.790000000000001,3.79
12.17,13.01,-0.8399999999999999,0.84
34.44,27.7,6.739999999999998,6.74
32.62,27.53,5.089999999999996,5.09
28.27,33.97,-5.699999999999999,5.7
28.08,23.71,4.369999999999997,4.37
18.43,15.0,3.4299999999999997,3.43
12.02,17.63,-5.609999999999999,5.61
20.02,20.82,-0.8000000000000007,0.8
13.11,11.39,1.7199999999999989,1.72
13.82,15.77,-1.9499999999999993,1.95
20.71,15.5,5.210000000000001,5.21
10.41,12.98,-2.5700000000000003,2.57
14.55,13.51,1.040000000000001,1.04
0.83,9.62,-8.79,8.79
27.54,23.39,4.149999999999999,4.15
9.67,15.66,-5.99,5.99
17.31,19.33,-2.0199999999999996,2.02
18.04,15.05,2.9899999999999984,2.99
32.32,24.62,7.699999999999999,7.7
19.29,22.73,-3.4400000000000013,3.44
34.74,34.92,-0.17999999999999972,0.18
29.48,25.01,4.469999999999999,4.47
15.69,17.69,-2.0000000000000018,2.0
7.86,14.46,-6.6000000000000005,6.6
28.35,25.05,3.3000000000000007,3.3
22.92,18.92,4.0,4.0
13.06,9.79,3.2700000000000014,3.27
3.88,6.18,-2.3,2.3
26.36,17.69,8.669999999999998,8.67
28.81,29.67,-0.860000000000003,0.86
5.8,9.86,-4.06,4.06
19.99,19.83,0.16000000000000014,0.16
5.58,8.15,-2.5700000000000003,2.57
1.39,12.25,-10.86,10.86
41.86,28.93,12.93,12.93
5.93,16.38,-10.45,10.45
31.01,23.59,7.420000000000002,7.42
22.43,26.55,-4.120000000000001,4.12
24.28,25.1,-0.8200000000000003,0.82
12.43,16.84,-4.41,4.41
23.38,26.71,-3.330000000000002,3.33
15.79,19.88,-4.09,4.09
19.62,20.61,-0.9899999999999984,0.99
8.74,11.26,-2.5199999999999996,2.52
28.49,31.15,-2.66,2.66
20.63,15.15,5.479999999999999,5.48
23.36,17.16,6.199999999999999,6.2
18.19,14.32,3.870000000000001,3.87
7.18,7.7,-0.5200000000000005,0.52
27.43,22.21,5.219999999999999,5.22
33.36,32.19,1.1700000000000017,1.17
19.29,20.6,-1.3100000000000023,1.31
24.31,24.78,-0.4700000000000024,0.47
22.63,12.42,10.209999999999999,10.21
19.82,18.06,1.7600000000000016,1.76
23.67,13.53,10.140000000000002,10.14
30.35,30.74,-0.389999999999997,0.39
14.46,8.68,5.780000000000001,5.78
22.9,25.28,-2.3800000000000026,2.38
12.15,16.74,-4.589999999999998,4.59
11.26,18.17,-6.910000000000002,6.91
6.24,14.11,-7.869999999999999,7.87
24.51,20.3,4.210000000000001,4.21
15.32,17.95,-2.629999999999999,2.63
3.81,15.11,-11.299999999999999,11.3
24.88,25.53,-0.6500000000000021,0.65
40.43,31.73,8.7,8.7
10.39,12.97,-2.58,2.58
11.46,10.76,0.7000000000000011,0.7
29.97,28.96,1.009999999999998,1.01
12.33,17.46,-5.130000000000001,5.13
8.44,11.72,-3.280000000000001,3.28
4.77,9.2,-4.43,4.43
3.01,11.36,-8.35,8.35
18.25,12.48,5.77,5.77
31.56,36.45,-4.890000000000004,4.89
11.73,16.47,-4.739999999999998,4.74
10.9,11.14,-0.2400000000000002,0.24
13.54,12.41,1.129999999999999,1.13
35.13,26.73,8.400000000000002,8.4
13.74,16.56,-2.8199999999999985,2.82
25.12,24.45,0.6700000000000017,0.67
28.26,22.07,6.190000000000001,6.19
13.91,10.94,2.9700000000000006,2.97
12.91,8.95,3.960000000000001,3.96
18.45,27.21,-8.760000000000002,8.76
23.35,24.44,-1.0899999999999999,1.09
12.79,14.18,-1.3900000000000006,1.39
14.47,13.95,0.5200000000000014,0.52
2.72,7.2,-4.48,4.48
21.8,25.11,-3.3099999999999987,3.31
6.63,8.94,-2.3099999999999996,2.31
11.13,11.35,-0.21999999999999886,0.22
23.48,22.71,0.7699999999999996,0.77
17.0,18.24,-1.2399999999999984,1.24
23.08,27.08,-4.0,4.0
19.96,21.65,-1.6899999999999977,1.69
22.59,17.83,4.760000000000002,4.76
38.92,32.04,6.880000000000003,6.88
20.51,20.55,-0.03999999999999915,0.04
15.28,12.84,2.4399999999999995,2.44
23.85,28.01,-4.16,4.16
17.76,16.55,1.2100000000000009,1.21
11.27,14.15,-2.880000000000001,2.88
7.72,12.01,-4.29,4.29
15.83,16.84,-1.0099999999999998,1.01
12.96,13.84,-0.879999999999999,0.88
15.15,17.85,-2.700000000000001,2.7
28.79,23.25,5.539999999999999,5.54
23.27,24.11,-0.8399999999999999,0.84
8.37,12.03,-3.66,3.66
23.34,15.77,7.57,7.57
20.58,16.78,3.799999999999997,3.8
20.47,14.89,5.579999999999998,5.58
10.16,12.24,-2.08,2.08
22.81,21.97,0.8399999999999999,0.84
21.34,16.21,5.129999999999999,5.13
19.62,22.28,-2.66,2.66
12.04,14.81,-2.7700000000000014,2.77
21.73,26.89,-5.16,5.16
9.17,7.65,1.5199999999999996,1.52
15.66,19.97,-4.309999999999999,4.31
11.65,13.04,-1.3899999999999988,1.39
26.21,25.7,0.5100000000000016,0.51
27.44,25.44,2.0,2.0
21.22,24.79,-3.5700000000000003,3.57
22.27,13.34,8.93,8.93
26.84,21.06,5.780000000000001,5.78
12.4,14.05,-1.6500000000000004,1.65
15.01,21.09,-6.08,6.08
18.74,20.28,-1.5400000000000027,1.54
9.56,11.95,-2.389999999999999,2.39
26.35,25.93,0.4200000000000017,0.42
31.78,20.77,11.010000000000002,11.01
21.66,19.93,1.7300000000000004,1.73
28.34,24.59,3.75,3.75
21.57,18.48,3.09,3.09
30.12,23.64,6.48,6.48
37.69,39.72,-2.030000000000001,2.03
10.2,15.65,-5.450000000000001,5.45
32.34,28.55,3.7900000000000027,3.79
30.2,30.85,-0.6500000000000021,0.65
11.51,9.54,1.9700000000000006,1.97
8.03,16.47,-8.44,8.44
15.02,17.17,-2.150000000000002,2.15
11.97,14.69,-2.719999999999999,2.72
24.18,22.93,1.25,1.25
25.03,15.59,9.440000000000001,9.44
33.64,30.15,3.490000000000002,3.49
22.17,26.11,-3.9399999999999977,3.94
34.63,33.77,0.8599999999999994,0.86
26.44,29.65,-3.2099999999999973,3.21
12.1,11.79,0.3100000000000005,0.31
23.93,19.53,4.399999999999999,4.4
15.04,17.75,-2.710000000000001,2.71
24.59,19.16,5.43,5.43
22.81,25.6,-2.7900000000000027,2.79
10.69,11.13,-0.4400000000000013,0.44
15.86,24.07,-8.21,8.21
9.81,14.69,-4.879999999999999,4.88
26.23,23.73,2.5,2.5
6.1,14.11,-8.01,8.01
10.02,16.05,-6.030000000000001,6.03
20.4,9.06,11.339999999999998,11.34
9.7,10.58,-0.8800000000000008,0.88
33.7,27.09,6.610000000000003,6.61
13.22,9.77,3.450000000000001,3.45
5.56,16.85,-11.290000000000003,11.29
23.69,22.15,1.5400000000000027,1.54
23.57,21.86,1.7100000000000009,1.71
11.81,8.55,3.26,3.26
14.07,17.98,-3.91,3.91
27.72,29.72,-2.0,2.0
18.81,22.53,-3.7200000000000024,3.72
15.97,15.61,0.3600000000000012,0.36
15.03,15.69,-0.6600000000000001,0.66
15.4,18.81,-3.4099999999999984,3.41
22.2,19.51,2.6899999999999977,2.69
15.26,16.69,-1.4300000000000015,1.43
5.78,9.19,-3.4099999999999993,3.41
25.56,21.58,3.9800000000000004,3.98
11.77,7.61,4.159999999999999,4.16
15.63,10.85,4.780000000000001,4.78
5.23,4.11,1.12,1.12
16.18,16.99,-0.8099999999999987,0.81
9.52,15.56,-6.040000000000001,6.04
33.17,30.77,2.400000000000002,2.4
3.22,10.23,-7.01,7.01
25.65,18.71,6.939999999999998,6.94
19.3,13.33,5.970000000000001,5.97
25.07,21.99,3.080000000000002,3.08
11.66,15.51,-3.8499999999999996,3.85
17.06,17.74,-0.6799999999999997,0.68
24.51,30.29,-5.779999999999998,5.78
5.5,4.75,0.75,0.75
18.52,30.17,-11.650000000000002,11.65
9.25,7.8,1.4500000000000002,1.45
19.92,13.6,6.320000000000002,6.32
16.95,22.52,-5.57,5.57
29.68,29.82,-0.14000000000000057,0.14
23.27,20.7,2.5700000000000003,2.57
29.76,22.81,6.950000000000003,6.95
38.66,34.36,4.299999999999997,4.3
21.17,27.56,-6.389999999999997,6.39
6.81,22.57,-15.760000000000002,15.76
24.35,22.45,1.9000000000000021,1.9
13.27,18.54,-5.27,5.27
23.59,26.0,-2.41,2.41
13.96,15.3,-1.3399999999999999,1.34
18.91,9.85,9.06,9.06
9.98,10.09,-0.10999999999999943,0.11
23.91,27.45,-3.539999999999999,3.54
7.99,18.15,-10.159999999999998,10.16
20.92,16.72,4.200000000000003,4.2
18.95,20.71,-1.7600000000000016,1.76
11.03,12.3,-1.2700000000000014,1.27
8.34,13.74,-5.4,5.4
28.02,24.96,3.0599999999999987,3.06
20.7,20.48,0.21999999999999886,0.22
5.73,12.32,-6.59,6.59
11.75,16.35,-4.600000000000001,4.6
27.47,26.19,1.2799999999999976,1.28
6.75,14.36,-7.609999999999999,7.61
20.52,15.93,4.59,4.59
20.84,13.37,7.470000000000001,7.47
8.4,9.85,-1.4499999999999993,1.45
24.9,25.45,-0.5500000000000007,0.55
31.88,24.87,7.009999999999998,7.01
18.57,10.83,7.74,7.74
10.84,16.58,-5.739999999999998,5.74
26.67,27.31,-0.639999999999997,0.64
22.7,23.12,-0.4200000000000017,0.42
40.34,31.02,9.320000000000004,9.32
22.25,22.68,-0.4299999999999997,0.43
6.98,6.54,0.4400000000000004,0.44
23.91,21.1,2.8099999999999987,2.81
11.04,16.24,-5.199999999999999,5.2
10.97,11.71,-0.7400000000000002,0.74
18.95,11.56,7.389999999999999,7.39
9.5,7.71,1.79,1.79
3.2,10.91,-7.71,7.71
10.13,17.0,-6.869999999999999,6.87
19.59,19.4,0.19000000000000128,0.19
7.54,15.02,-7.4799999999999995,7.48
19.77,22.86,-3.09,3.09
17.3,15.46,1.8399999999999999,1.84
16.48,17.54,-1.0599999999999987,1.06
17.45,22.43,-4.98,4.98
15.72,14.46,1.2599999999999998,1.26
22.07,20.44,1.629999999999999,1.63
18.87,14.74,4.130000000000001,4.13
32.64,27.73,4.91,4.91
22.42,25.46,-3.039999999999999,3.04
5.18,10.46,-5.280000000000001,5.28
5.52,7.75,-2.2300000000000004,2.23
32.16,30.78,1.3799999999999955,1.38
19.02,21.93,-2.91,2.91
32.29,30.61,1.6799999999999997,1.68
16.05,18.86,-2.8099999999999987,2.81
12.36,17.38,-5.02,5.02
18.43,19.62,-1.1900000000000013,1.19
23.35,24.24,-0.889999999999997,0.89
13.01,9.49,3.5199999999999996,3.52
22.94,13.61,9.330000000000002,9.33
29.26,28.42,0.8399999999999999,0.84
17.23,7.41,9.82,9.82
22.34,17.61,4.73,4.73
25.84,26.84,-1.0,1.0
6.35,11.23,-4.880000000000001,4.88
18.12,22.16,-4.039999999999999,4.04
25.82,19.14,6.68,6.68
5.26,5.19,0.0699999999999994,0.07
18.56,7.66,10.899999999999999,10.9
9.41,14.03,-4.619999999999999,4.62
18.43,17.61,0.8200000000000003,0.82
25.37,19.56,5.810000000000002,5.81
25.43,25.78,-0.3500000000000014,0.35
36.98,33.37,3.6099999999999994,3.61
20.65,24.22,-3.5700000000000003,3.57
28.47,24.83,3.6400000000000006,3.64
16.46,19.32,-2.8599999999999994,2.86
5.05,5.13,-0.08000000000000007,0.08
6.54,10.76,-4.22,4.22
28.17,22.39,5.780000000000001,5.78
14.81,14.33,0.4800000000000004,0.48
15.8,16.13,-0.3299999999999983,0.33
32.61,24.56,8.05,8.05
28.89,20.04,8.850000000000001,8.85
3.43,8.99,-5.5600000000000005,5.56
18.99,15.71,3.2799999999999976,3.28
13.18,23.66,-10.48,10.48
13.41,17.97,-4.559999999999999,4.56
18.94,11.11,7.830000000000002,7.83
2.11,6.33,-4.220000000000001,4.22
29.92,24.24,5.680000000000003,5.68
12.02,11.26,0.7599999999999998,0.76
29.08,20.24,8.84,8.84
20.43,18.3,2.129999999999999,2.13
16.06,15.14,0.9199999999999982,0.92
25.81,24.5,1.3099999999999987,1.31
17.29,13.39,3.8999999999999986,3.9
21.31,22.09,-0.7800000000000011,0.78
23.37,15.88,7.49,7.49
0.0,3.86,-3.86,3.86
21.91,21.89,0.019999999999999574,0.02
10.94,8.39,2.549999999999999,2.55
12.7,15.34,-2.6400000000000006,2.64
10.19,12.68,-2.49,2.49
17.05,22.98,-5.93,5.93
26.8,22.17,4.629999999999999,4.63
25.72,16.91,8.809999999999999,8.81
34.39,28.26,6.129999999999999,6.13
10.29,10.9,-0.6100000000000012,0.61
32.43,33.63,-1.2000000000000028,1.2
29.28,23.79,5.490000000000002,5.49
16.41,21.19,-4.780000000000001,4.78
12.95,18.12,-5.170000000000002,5.17
14.68,14.21,0.46999999999999886,0.47
17.92,20.81,-2.889999999999997,2.89
3.14,13.1,-9.959999999999999,9.96
34.2,38.99,-4.789999999999999,4.79
13.71,13.36,0.3500000000000014,0.35
22.8,18.98,3.8200000000000003,3.82
22.11,20.21,1.8999999999999986,1.9
16.73,11.38,5.35,5.35
24.54,25.36,-0.8200000000000003,0.82
20.56,21.07,-0.5100000000000016,0.51
22.82,20.27,2.5500000000000007,2.55
23.56,23.64,-0.08000000000000185,0.08
6.33,9.04,-2.709999999999999,2.71
27.81,30.74,-2.9299999999999997,2.93
12.84,9.31,3.5299999999999994,3.53
17.04,11.66,5.379999999999999,5.38
7.43,13.51,-6.08,6.08
26.54,25.97,0.5700000000000003,0.57
19.41,18.52,0.8900000000000006,0.89
22.84,19.35,3.4899999999999984,3.49
11.79,10.11,1.6799999999999997,1.68
16.51,23.81,-7.299999999999997,7.3
24.89,21.96,2.9299999999999997,2.93
12.11,14.26,-2.1500000000000004,2.15
5.46,10.06,-4.6000000000000005,4.6
31.59,19.34,12.25,12.25
10.15,8.83,1.3200000000000003,1.32
20.09,14.55,5.539999999999999,5.54
30.39,25.46,4.93,4.93
6.82,6.9,-0.08000000000000007,0.08
8.35,7.05,1.2999999999999998,1.3
13.86,14.39,-0.5300000000000011,0.53
0.0,4.05,-4.05,4.05
8.06,7.07,0.9900000000000002,0.99
26.53,20.85,5.68,5.68
23.21,22.9,0.3100000000000023,0.31
35.12,28.22,6.899999999999999,6.9
18.48,19.15,-0.6699999999999982,0.67
18.28,20.28,-2.0,2.0
34.07,29.92,4.149999999999999,4.15
23.67,15.98,7.690000000000001,7.69
18.1,18.66,-0.5599999999999987,0.56
26.36,24.11,2.25,2.25
18.74,12.6,6.139999999999999,6.14
30.15,15.16,14.989999999999998,14.99
26.69,21.84,4.850000000000001,4.85
22.13,13.74,8.389999999999999,8.39
28.19,26.72,1.4700000000000024,1.47
20.72,20.88,-0.16000000000000014,0.16
25.04,17.83,7.210000000000001,7.21
23.92,16.59,7.330000000000002,7.33
19.55,14.8,4.75,4.75
31.2,32.71,-1.5100000000000016,1.51
12.74,14.94,-2.1999999999999993,2.2
20.59,22.18,-1.5899999999999999,1.59
26.22,22.31,3.91,3.91
13.28,14.77,-1.4900000000000002,1.49
18.53,11.83,6.700000000000001,6.7
34.57,31.27,3.3000000000000007,3.3
14.97,16.22,-1.2499999999999982,1.25
19.19,15.04,4.150000000000002,4.15
31.34,29.23,2.1099999999999994,2.11
11.1,14.84,-3.74,3.74
8.96,11.83,-2.869999999999999,2.87
9.96,11.92,-1.959999999999999,1.96
17.95,16.58,1.370000000000001,1.37
3.85,2.94,0.9100000000000001,0.91
9.45,11.26,-1.8100000000000005,1.81
16.69,15.2,1.490000000000002,1.49
22.43,11.52,10.91,10.91
9.87,15.15,-5.280000000000001,5.28
27.92,24.84,3.080000000000002,3.08
20.46,24.49,-4.029999999999998,4.03
29.18,31.59,-2.41,2.41
19.12,17.04,2.080000000000002,2.08
16.78,14.68,2.1000000000000014,2.1
14.58,18.83,-4.249999999999998,4.25
11.34,8.67,2.67,2.67
7.06,10.94,-3.88,3.88
16.71,17.7,-0.9899999999999984,0.99
21.19,21.51,-0.3200000000000003,0.32
11.37,11.88,-0.5100000000000016,0.51
25.08,22.64,2.4399999999999977,2.44
15.11,14.29,0.8200000000000003,0.82
16.86,19.2,-2.34,2.34
36.54,30.56,5.98,5.98
21.53,19.6,1.9299999999999997,1.93
17.78,17.57,0.21000000000000085,0.21
4.55,8.16,-3.6100000000000003,3.61
19.69,15.96,3.7300000000000004,3.73
9.94,12.34,-2.4000000000000004,2.4
21.27,19.31,1.9600000000000009,1.96
28.16,25.06,3.1000000000000014,3.1
37.83,27.43,10.399999999999999,10.4
15.54,11.27,4.27,4.27
29.82,28.5,1.3200000000000003,1.32
13.17,11.55,1.6199999999999992,1.62
33.43,35.22,-1.7899999999999991,1.79
17.38,11.62,5.76,5.76
12.9,14.76,-1.8599999999999994,1.86
24.59,23.52,1.0700000000000003,1.07
25.35,27.96,-2.6099999999999994,2.61
22.14,24.55,-2.41,2.41
17.73,16.73,1.0,1.0
27.46,20.77,6.690000000000001,6.69
2.83,3.04,-0.20999999999999996,0.21
19.26,17.01,2.25,2.25
19.34,19.49,-0.14999999999999858,0.15
6.98,9.1,-2.119999999999999,2.12
20.55,21.79,-1.2399999999999984,1.24
31.47,27.49,3.9800000000000004,3.98
23.94,15.14,8.8,8.8
8.06,11.15,-3.09,3.09
19.02,16.34,2.6799999999999997,2.68
7.82,7.07,0.75,0.75
19.16,13.73,5.43,5.43
14.91,19.27,-4.359999999999999,4.36
22.31,17.31,5.0,5.0
2.61,12.51,-9.9,9.9
13.0,16.18,-3.1799999999999997,3.18
24.84,22.0,2.84,2.84
6.6,10.78,-4.18,4.18
11.84,17.48,-5.640000000000001,5.64
23.42,26.34,-2.919999999999998,2.92
21.08,22.66,-1.5800000000000018,1.58
17.28,23.44,-6.16,6.16
18.37,15.66,2.710000000000001,2.71
14.12,23.52,-9.4,9.4
26.41,27.77,-1.3599999999999994,1.36
12.08,11.21,0.8699999999999992,0.87
25.79,25.67,0.11999999999999744,0.12
34.77,25.68,9.090000000000003,9.09
17.77,16.01,1.759999999999998,1.76
20.6,21.3,-0.6999999999999993,0.7
24.65,19.07,5.579999999999998,5.58
15.63,14.58,1.0500000000000007,1.05
14.58,13.83,0.75,0.75
14.61,17.08,-2.469999999999999,2.47
10.67,13.07,-2.4000000000000004,2.4
13.84,5.33,8.51,8.51
26.92,26.76,0.16000000000000014,0.16
24.9,20.6,4.299999999999997,4.3
11.53,13.94,-2.41,2.41
37.3,29.77,7.529999999999998,7.53
18.29,22.2,-3.91,3.91
11.88,15.58,-3.6999999999999993,3.7
17.64,17.33,0.3100000000000023,0.31
15.52,17.4,-1.879999999999999,1.88
25.18,29.12,-3.9400000000000013,3.94
14.58,12.24,2.34,2.34
8.44,11.81,-3.370000000000001,3.37
22.15,20.28,1.8699999999999974,1.87
11.32,14.73,-3.41,3.41
23.81,23.28,0.5299999999999976,0.53
12.16,12.69,-0.5299999999999994,0.53
12.94,16.21,-3.2700000000000014,3.27
6.06,5.59,0.46999999999999975,0.47
13.01,22.87,-9.860000000000001,9.86
28.25,27.3,0.9499999999999993,0.95
27.46,20.58,6.880000000000003,6.88
22.18,26.18,-4.0,4.0
12.31,15.28,-2.969999999999999,2.97
35.99,34.99,1.0,1.0
14.99,13.27,1.7200000000000006,1.72
20.8,20.06,0.740000000000002,0.74
15.44,17.1,-1.660000000000002,1.66
36.67,26.3,10.370000000000001,10.37
12.74,14.4,-1.6600000000000001,1.66
6.63,7.53,-0.9000000000000004,0.9
10.22,15.47,-5.25,5.25
22.59,22.23,0.35999999999999943,0.36
17.15,15.19,1.959999999999999,1.96
24.36,26.1,-1.740000000000002,1.74
24.93,27.7,-2.7699999999999996,2.77
24.55,16.43,8.120000000000001,8.12
30.58,27.43,3.1499999999999986,3.15
20.83,18.3,2.5299999999999976,2.53
8.48,13.31,-4.83,4.83
16.18,10.0,6.18,6.18
13.63,17.39,-3.76,3.76
11.5,11.68,-0.17999999999999972,0.18
15.09,16.05,-0.9600000000000009,0.96
18.36,12.67,5.6899999999999995,5.69
26.24,29.54,-3.3000000000000007,3.3
14.94,14.74,0.1999999999999993,0.2
13.05,14.62,-1.5699999999999985,1.57
34.17,19.5,14.670000000000002,14.67
30.43,27.01,3.419999999999998,3.42
11.65,11.18,0.47000000000000064,0.47
31.34,26.34,5.0,5.0
4.18,4.36,-0.1800000000000006,0.18
28.94,23.86,5.080000000000002,5.08
18.36,22.39,-4.030000000000001,4.03
18.1,25.74,-7.639999999999997,7.64
22.94,28.13,-5.189999999999998,5.19
26.67,19.74,6.930000000000003,6.93
15.96,17.09,-1.129999999999999,1.13
23.64,24.18,-0.5399999999999991,0.54
12.17,11.47,0.6999999999999993,0.7
27.14,19.79,7.350000000000001,7.35
19.71,18.23,1.4800000000000004,1.48
21.22,22.3,-1.0800000000000018,1.08
19.42,11.21,8.21,8.21
13.02,14.79,-1.7699999999999996,1.77
12.54,15.2,-2.66,2.66
23.61,24.85,-1.240000000000002,1.24
26.84,26.03,0.8099999999999987,0.81
31.52,27.74,3.780000000000001,3.78
21.93,21.51,0.41999999999999815,0.42
25.61,18.28,7.329999999999998,7.33
27.02,19.04,7.98,7.98
16.96,9.9,7.0600000000000005,7.06
30.95,31.26,-0.3100000000000023,0.31
43.12,32.46,10.659999999999997,10.66
11.4,13.35,-1.9499999999999993,1.95
28.14,19.59,8.55,8.55
19.41,13.04,6.370000000000001,6.37
22.49,14.12,8.37,8.37
37.43,28.02,9.41,9.41
11.29,15.47,-4.1800000000000015,4.18
13.9,14.91,-1.0099999999999998,1.01
10.11,18.4,-8.29,8.29
10.78,10.94,-0.16000000000000014,0.16
12.86,16.38,-3.5199999999999996,3.52
19.25,20.2,-0.9499999999999993,0.95
5.12,6.75,-1.63,1.63
7.34,8.99,-1.6500000000000004,1.65
20.21,20.51,-0.3000000000000007,0.3
20.98,19.81,1.1700000000000017,1.17
7.31,13.97,-6.660000000000001,6.66
14.1,16.73,-2.630000000000001,2.63
15.57,15.47,0.09999999999999964,0.1
11.94,18.22,-6.279999999999999,6.28
36.42,33.96,2.460000000000001,2.46
26.46,28.86,-2.3999999999999986,2.4
21.65,15.81,5.839999999999998,5.84
17.49,18.26,-0.7700000000000031,0.77
17.28,21.68,-4.399999999999999,4.4
32.41,23.37,9.039999999999996,9.04
18.51,22.1,-3.59,3.59
13.48,9.48,4.0,4.0
15.32,16.53,-1.2100000000000009,1.21
22.1,20.86,1.240000000000002,1.24
16.22,20.78,-4.560000000000002,4.56
18.76,23.13,-4.369999999999997,4.37
29.2,23.35,5.849999999999998,5.85
17.5,16.6,0.8999999999999986,0.9
20.44,22.93,-2.4899999999999984,2.49
17.69,17.5,0.19000000000000128,0.19
12.9,16.98,-4.08,4.08
11.03,19.06,-8.03,8.03
13.36,12.44,0.9199999999999999,0.92
14.82,17.61,-2.789999999999999,2.79
15.58,11.19,4.390000000000001,4.39
10.26,18.97,-8.709999999999999,8.71
14.65,20.2,-5.549999999999999,5.55
0.0,4.28,-4.28,4.28
18.83,17.82,1.009999999999998,1.01
27.56,19.15,8.41,8.41
41.37,36.9,4.469999999999999,4.47
9.47,13.03,-3.5599999999999987,3.56
35.3,31.22,4.079999999999998,4.08
22.12,23.55,-1.4299999999999997,1.43
18.15,9.93,8.219999999999999,8.22
22.12,15.38,6.74,6.74
26.94,22.71,4.23,4.23
12.88,13.75,-0.8699999999999992,0.87
20.23,20.21,0.019999999999999574,0.02
24.89,22.56,2.330000000000002,2.33
11.83,12.92,-1.0899999999999999,1.09
9.98,16.77,-6.789999999999999,6.79
4.81,10.89,-6.080000000000001,6.08
16.18,16.71,-0.5300000000000011,0.53
20.73,18.55,2.1799999999999997,2.18
5.14,10.78,-5.64,5.64
20.69,17.97,2.7200000000000024,2.72
29.84,24.68,5.16,5.16
15.52,24.32,-8.8,8.8
20.9,18.31,2.59,2.59
14.06,13.12,0.9400000000000013,0.94
24.93,24.59,0.33999999999999986,0.34
14.49,18.59,-4.1,4.1
1.57,3.44,-1.8699999999999999,1.87
9.84,16.63,-6.789999999999999,6.79
27.05,16.48,10.57,10.57
28.5,26.31,2.1900000000000013,2.19
18.76,13.89,4.870000000000001,4.87
31.18,37.86,-6.68,6.68
15.14,17.26,-2.120000000000001,2.12
21.7,16.67,5.029999999999998,5.03
18.97,19.38,-0.41000000000000014,0.41
19.22,18.92,0.29999999999999716,0.3
20.12,9.57,10.55,10.55
12.27,20.37,-8.100000000000001,8.1
18.9,15.4,3.4999999999999982,3.5
16.07,10.63,5.4399999999999995,5.44
21.82,14.23,7.59,7.59
7.3,8.36,-1.0599999999999996,1.06
13.02,19.77,-6.75,6.75
38.02,36.69,1.3300000000000054,1.33
22.61,23.91,-1.3000000000000007,1.3
18.22,18.63,-0.41000000000000014,0.41
30.77,24.68,6.09,6.09
27.32,21.71,5.609999999999999,5.61
5.95,8.35,-2.3999999999999995,2.4
13.01,14.72,-1.7100000000000009,1.71
21.27,18.8,2.469999999999999,2.47
18.96,10.88,8.08,8.08
17.9,18.7,-0.8000000000000007,0.8
29.7,29.35,0.34999999999999787,0.35
11.39,14.41,-3.0199999999999996,3.02
14.93,21.28,-6.350000000000001,6.35
29.4,25.97,3.4299999999999997,3.43
35.03,28.89,6.140000000000001,6.14
25.94,24.83,1.110000000000003,1.11
17.71,21.41,-3.6999999999999993,3.7
10.26,10.06,0.1999999999999993,0.2
14.73,15.98,-1.25,1.25
5.37,10.77,-5.3999999999999995,5.4
13.02,11.81,1.209999999999999,1.21
20.24,16.06,4.18,4.18
